datetime,instrument,open,high,low,close,volume,vwap,factor
2020-01-01,SH600000,20.2098,20.3103,20.1769,20.1845,555207.0,20.2204,1.0
2020-01-01,SH600016,39.3229,39.4705,39.221,39.2505,380395.0,39.3162,1.0
2020-01-01,SH600519,61.1088,61.8059,60.284,60.9322,738904.0,61.0327,1.0
2020-01-01,SZ000001,79.5201,80.5676,79.3356,79.8082,683867.0,79.8079,1.0
2020-01-01,SZ000858,96.705,96.9014,96.0236,96.2996,768979.0,96.4824,1.0
2020-01-02,SH600000,20.1485,20.2163,19.9984,20.1137,335491.0,20.1192,1.0
2020-01-02,SH600016,38.1114,38.2771,38.0132,38.1865,314710.0,38.147,1.0
2020-01-02,SH600519,60.3533,60.3753,59.7989,60.2552,503523.0,60.1957,1.0
2020-01-02,SZ000001,82.3421,83.2709,81.7308,82.2694,1035091.0,82.4033,1.0
2020-01-02,SZ000858,94.5245,95.2322,93.8126,94.6993,793546.0,94.5671,1.0
2020-01-03,SH600000,20.2914,20.452,20.1714,20.3607,574285.0,20.3189,1.0
2020-01-03,SH600016,37.4369,37.5479,37.4041,37.4315,635673.0,37.4551,1.0
2020-01-03,SH600519,59.3259,59.578,58.9462,59.2683,508439.0,59.2796,1.0
2020-01-03,SZ000001,79.7094,80.8252,78.7471,79.9279,578701.0,79.8024,1.0
2020-01-03,SZ000858,92.5957,94.0835,92.5248,93.9614,1821086.0,93.2914,1.0
2020-01-06,SH600000,20.999,21.0759,20.9112,20.9747,664434.0,20.9902,1.0
2020-01-06,SH600016,38.4558,38.5159,38.0869,38.2115,678572.0,38.3175,1.0
2020-01-06,SH600519,59.1507,59.7936,58.9187,59.2554,925075.0,59.2796,1.0
2020-01-06,SZ000001,79.812,80.1074,79.3218,79.9206,861269.0,79.7905,1.0
2020-01-06,SZ000858,97.4376,98.2214,97.1098,97.6205,984811.0,97.5973,1.0
2020-01-07,SH600000,20.8916,20.8942,20.7947,20.861,500834.0,20.8604,1.0
2020-01-07,SH600016,37.5117,37.6356,37.4649,37.4759,454543.0,37.522,1.0
2020-01-07,SH600519,59.1451,59.785,58.8342,59.0452,461934.0,59.2024,1.0
2020-01-07,SZ000001,78.6076,79.0171,77.8387,77.9553,1161692.0,78.3547,1.0
2020-01-07,SZ000858,98.2448,99.41,96.518,98.7577,1244991.0,98.2326,1.0
2020-01-08,SH600000,20.6739,20.7626,20.5755,20.748,776878.0,20.69,1.0
2020-01-08,SH600016,39.4932,39.6523,39.4744,39.484,248373.0,39.526,1.0
2020-01-08,SH600519,58.4172,59.0597,57.9354,58.5036,1080357.0,58.479,1.0
2020-01-08,SZ000001,79.0625,79.3161,78.0436,78.5361,691101.0,78.7396,1.0
2020-01-08,SZ000858,95.4135,96.8107,94.2382,96.1981,776638.0,95.6651,1.0
2020-01-09,SH600000,21.5973,21.7629,21.384,21.3977,350762.0,21.5355,1.0
2020-01-09,SH600016,39.5866,39.8637,39.4198,39.8576,458689.0,39.6819,1.0
2020-01-09,SH600519,59.3652,59.4603,58.5552,59.3152,503739.0,59.174,1.0
2020-01-09,SZ000001,79.434,81.218,79.365,79.9536,649933.0,79.9926,1.0
2020-01-09,SZ000858,96.5802,97.4917,95.9493,97.1815,779216.0,96.8007,1.0
2020-01-10,SH600000,21.7638,21.8411,21.5775,21.7124,304554.0,21.7237,1.0
2020-01-10,SH600016,40.1364,40.4188,39.8281,39.9872,607764.0,40.0926,1.0
2020-01-10,SH600519,60.8486,61.0343,59.3123,60.4503,799321.0,60.4114,1.0
2020-01-10,SZ000001,79.6244,79.626,79.2841,79.2954,752264.0,79.4575,1.0
2020-01-10,SZ000858,94.3141,94.5188,94.0497,94.2626,1362178.0,94.2863,1.0
2020-01-13,SH600000,21.3653,21.5639,21.2943,21.4933,259467.0,21.4292,1.0
2020-01-13,SH600016,39.4157,39.5443,38.9583,39.2889,346739.0,39.3018,1.0
2020-01-13,SH600519,60.2435,61.1227,59.8618,60.5482,598041.0,60.4441,1.0
2020-01-13,SZ000001,75.5878,75.7365,75.1237,75.2824,1148443.0,75.4326,1.0
2020-01-13,SZ000858,97.0095,98.0346,96.3584,96.3693,656795.0,96.943,1.0
2020-01-14,SH600000,21.7828,21.8093,21.5555,21.7116,693019.0,21.7148,1.0
2020-01-14,SH600016,40.2559,40.3454,39.4071,39.8251,570922.0,39.9584,1.0
2020-01-14,SH600519,62.7102,63.047,62.2713,62.3548,790923.0,62.5958,1.0
2020-01-14,SZ000001,75.1599,76.0131,74.4548,75.5939,854466.0,75.3054,1.0
2020-01-14,SZ000858,95.6581,95.6583,94.8371,95.5085,869293.0,95.4155,1.0
2020-01-15,SH600000,21.3904,21.5232,21.1382,21.4951,538375.0,21.3867,1.0
2020-01-15,SH600016,39.291,39.5338,38.9978,39.3516,537889.0,39.2935,1.0
2020-01-15,SH600519,61.3393,61.5171,60.9179,60.938,560602.0,61.1781,1.0
2020-01-15,SZ000001,76.5807,77.0466,75.894,76.2685,687375.0,76.4475,1.0
2020-01-15,SZ000858,95.0835,96.049,94.1161,95.3727,994712.0,95.1553,1.0
2020-01-16,SH600000,21.3636,21.5045,21.2754,21.2799,435097.0,21.3558,1.0
2020-01-16,SH600016,39.4732,40.1478,39.266,39.43,642928.0,39.5792,1.0
2020-01-16,SH600519,60.6575,60.7468,60.5536,60.6933,628545.0,60.6628,1.0
2020-01-16,SZ000001,77.4906,77.5304,76.1922,76.8992,932070.0,77.0281,1.0
2020-01-16,SZ000858,98.2029,98.4677,96.8642,97.9795,1018062.0,97.8786,1.0
2020-01-17,SH600000,21.4908,21.5973,21.2774,21.3671,481177.0,21.4331,1.0
2020-01-17,SH600016,41.5345,41.8207,41.3039,41.4827,560102.0,41.5355,1.0
2020-01-17,SH600519,59.1858,60.3991,59.0007,59.8204,668155.0,59.6015,1.0
2020-01-17,SZ000001,78.3929,79.2731,78.1578,78.8354,579147.0,78.6648,1.0
2020-01-17,SZ000858,95.3131,96.7281,95.2235,95.5324,933104.0,95.6993,1.0
2020-01-20,SH600000,20.4651,20.6498,20.4389,20.5495,315639.0,20.5258,1.0
2020-01-20,SH600016,41.7109,42.1463,41.1623,41.3845,403560.0,41.601,1.0
2020-01-20,SH600519,57.4447,57.9299,57.2223,57.6198,488622.0,57.5542,1.0
2020-01-20,SZ000001,76.8221,77.2944,76.1771,77.1762,988959.0,76.8675,1.0
2020-01-20,SZ000858,92.619,93.5076,92.0502,92.9418,1108752.0,92.7796,1.0
2020-01-21,SH600000,19.9333,20.0894,19.8244,19.8378,921470.0,19.9212,1.0
2020-01-21,SH600016,42.3075,42.4197,42.2327,42.3277,773725.0,42.3219,1.0
2020-01-21,SH600519,57.889,57.9823,57.3243,57.516,824265.0,57.6779,1.0
2020-01-21,SZ000001,78.6431,79.0656,78.0724,78.245,911259.0,78.5065,1.0
2020-01-21,SZ000858,91.3741,92.1039,91.278,91.9046,1212090.0,91.6652,1.0
2020-01-22,SH600000,19.6417,19.6441,19.5752,19.6012,459901.0,19.6156,1.0
2020-01-22,SH600016,41.776,42.0567,41.4055,41.7178,515267.0,41.739,1.0
2020-01-22,SH600519,57.361,57.6743,57.3301,57.3675,565823.0,57.4332,1.0
2020-01-22,SZ000001,80.2544,80.4509,79.1358,80.1456,735023.0,79.9967,1.0
2020-01-22,SZ000858,93.0531,94.11,92.3068,93.8754,1227379.0,93.3363,1.0
2020-01-23,SH600000,19.2726,19.3515,19.123,19.1937,457174.0,19.2352,1.0
2020-01-23,SH600016,41.7965,42.1212,41.5015,41.6699,535957.0,41.7723,1.0
2020-01-23,SH600519,58.8263,59.885,58.7566,59.1217,616257.0,59.1474,1.0
2020-01-23,SZ000001,77.5697,78.0332,77.0661,77.3564,626826.0,77.5063,1.0
2020-01-23,SZ000858,90.9291,91.1362,90.7044,91.1067,732529.0,90.9691,1.0
2020-01-24,SH600000,19.4833,19.5196,19.2126,19.3003,550031.0,19.3789,1.0
2020-01-24,SH600016,43.1929,43.4938,43.0804,43.1527,408407.0,43.23,1.0
2020-01-24,SH600519,59.7122,60.1216,59.658,59.8633,489772.0,59.8388,1.0
2020-01-24,SZ000001,77.9968,78.3015,77.4506,77.8642,617847.0,77.9033,1.0
2020-01-24,SZ000858,86.1964,86.7044,86.0602,86.1283,904153.0,86.2723,1.0
2020-01-27,SH600000,18.9155,18.9756,18.8553,18.9387,511091.0,18.9213,1.0
2020-01-27,SH600016,42.5007,42.7153,42.2877,42.5958,473078.0,42.5249,1.0
2020-01-27,SH600519,58.8872,58.9618,58.5722,58.6407,305988.0,58.7655,1.0
2020-01-27,SZ000001,77.2452,77.643,76.8206,77.0946,946423.0,77.2008,1.0
2020-01-27,SZ000858,85.3518,85.9679,85.1191,85.3931,1409054.0,85.458,1.0
2020-01-28,SH600000,18.3281,18.4118,18.2648,18.3975,473149.0,18.3506,1.0
2020-01-28,SH600016,44.1911,44.283,43.5801,44.1483,414388.0,44.0506,1.0
2020-01-28,SH600519,61.0133,61.3747,60.433,60.8469,623243.0,60.917,1.0
2020-01-28,SZ000001,76.47,77.0889,76.4133,76.9805,1165539.0,76.7382,1.0
2020-01-28,SZ000858,86.1998,87.5819,86.0867,86.3795,1287733.0,86.562,1.0
2020-01-29,SH600000,18.8463,18.9415,18.8152,18.9305,349011.0,18.8834,1.0
2020-01-29,SH600016,44.9978,45.0104,44.4386,44.7575,513044.0,44.8011,1.0
2020-01-29,SH600519,62.2673,62.3909,62.0456,62.3418,1361074.0,62.2614,1.0
2020-01-29,SZ000001,77.9353,77.9532,76.6203,77.5293,665842.0,77.5095,1.0
2020-01-29,SZ000858,88.0994,88.6221,88.0511,88.518,652223.0,88.3226,1.0
2020-01-30,SH600000,18.7543,18.8984,18.4953,18.8311,509630.0,18.7448,1.0
2020-01-30,SH600016,44.0099,44.3635,43.9281,44.2369,903031.0,44.1346,1.0
2020-01-30,SH600519,62.9467,63.0914,61.8362,63.0624,835162.0,62.7342,1.0
2020-01-30,SZ000001,77.2381,77.9094,76.556,76.789,924969.0,77.1231,1.0
2020-01-30,SZ000858,88.0081,88.4855,87.6987,87.7413,1094101.0,87.9834,1.0
2020-01-31,SH600000,18.8352,18.9349,18.6639,18.8424,778098.0,18.8191,1.0
2020-01-31,SH600016,44.8096,44.8303,44.6095,44.7798,358051.0,44.7573,1.0
2020-01-31,SH600519,62.645,62.8526,62.3985,62.7679,656201.0,62.666,1.0
2020-01-31,SZ000001,75.6827,75.9058,75.2019,75.7696,431012.0,75.64,1.0
2020-01-31,SZ000858,86.488,87.8705,86.4609,87.0614,543906.0,86.9702,1.0
2020-02-03,SH600000,18.3306,18.5607,18.1493,18.2994,662401.0,18.335,1.0
2020-02-03,SH600016,45.4791,45.9902,45.3662,45.6388,333011.0,45.6186,1.0
2020-02-03,SH600519,61.2818,61.8059,61.2102,61.5658,609950.0,61.4659,1.0
2020-02-03,SZ000001,75.8163,75.8556,75.1423,75.8327,676451.0,75.6617,1.0
2020-02-03,SZ000858,89.4799,89.6184,88.5669,89.1341,998571.0,89.1998,1.0
2020-02-04,SH600000,18.1127,18.222,17.9091,18.0876,713513.0,18.0828,1.0
2020-02-04,SH600016,46.4652,46.7429,46.1378,46.1892,840163.0,46.3838,1.0
2020-02-04,SH600519,61.5935,61.6558,61.0931,61.1,664467.0,61.3606,1.0
2020-02-04,SZ000001,73.6446,75.3797,72.7774,74.2127,798653.0,74.0036,1.0
2020-02-04,SZ000858,85.4707,86.4701,85.103,85.9011,1739886.0,85.7362,1.0
2020-02-05,SH600000,18.1891,18.3216,18.0871,18.1142,379510.0,18.178,1.0
2020-02-05,SH600016,44.4003,44.8736,44.3657,44.741,507475.0,44.5951,1.0
2020-02-05,SH600519,62.335,62.6012,62.1897,62.4357,777731.0,62.3904,1.0
2020-02-05,SZ000001,72.8161,73.3019,72.6277,72.6293,613598.0,72.8438,1.0
2020-02-05,SZ000858,84.9538,85.5177,84.299,85.2746,740908.0,85.0113,1.0
2020-02-06,SH600000,17.6899,17.8128,17.6275,17.6887,328772.0,17.7047,1.0
2020-02-06,SH600016,43.9521,44.4869,43.9405,44.0752,442094.0,44.1137,1.0
2020-02-06,SH600519,65.2187,65.6453,64.3869,64.8242,463127.0,65.0188,1.0
2020-02-06,SZ000001,73.8446,74.4933,73.1871,73.634,608680.0,73.7897,1.0
2020-02-06,SZ000858,85.0104,85.6397,84.5117,85.6385,766587.0,85.2001,1.0
2020-02-07,SH600000,17.9382,18.0234,17.7755,17.8088,426030.0,17.8865,1.0
2020-02-07,SH600016,43.9205,44.0333,43.7992,43.8378,738201.0,43.8977,1.0
2020-02-07,SH600519,67.3546,67.9248,66.4661,66.8461,921996.0,67.1479,1.0
2020-02-07,SZ000001,71.9499,72.4027,71.3707,71.9722,659783.0,71.9239,1.0
2020-02-07,SZ000858,86.2335,86.7559,85.1441,86.4503,1238249.0,86.1459,1.0
2020-02-10,SH600000,17.5597,17.6488,17.2353,17.5829,449872.0,17.5067,1.0
2020-02-10,SH600016,44.0954,44.4925,43.4999,43.7529,450591.0,43.9602,1.0
2020-02-10,SH600519,66.5162,66.5555,65.8789,66.1858,817997.0,66.2841,1.0
2020-02-10,SZ000001,73.3588,73.4823,72.6237,72.9487,879983.0,73.1034,1.0
2020-02-10,SZ000858,86.0293,86.593,85.0192,85.6118,619805.0,85.8133,1.0
2020-02-11,SH600000,17.7051,17.7719,17.3502,17.4675,614312.0,17.5737,1.0
2020-02-11,SH600016,44.265,44.5054,43.6779,44.2795,934534.0,44.1819,1.0
2020-02-11,SH600519,64.5709,64.7178,64.4132,64.7105,818686.0,64.6031,1.0
2020-02-11,SZ000001,73.5148,74.4148,73.3007,73.6378,762076.0,73.717,1.0
2020-02-11,SZ000858,85.9303,86.3607,84.9964,85.7094,814373.0,85.7492,1.0
2020-02-12,SH600000,17.2996,17.3009,17.2324,17.2457,266269.0,17.2696,1.0
2020-02-12,SH600016,44.2939,44.5101,44.1457,44.4172,662236.0,44.3417,1.0
2020-02-12,SH600519,65.0144,65.2906,64.5051,64.8834,752791.0,64.9234,1.0
2020-02-12,SZ000001,71.351,71.5103,70.6247,71.1501,411898.0,71.159,1.0
2020-02-12,SZ000858,81.9841,82.4336,81.4371,81.585,1177533.0,81.86,1.0
2020-02-13,SH600000,17.8064,17.9794,17.7044,17.8831,700021.0,17.8433,1.0
2020-02-13,SH600016,43.6338,43.7252,42.8719,43.2272,466786.0,43.3645,1.0
2020-02-13,SH600519,62.6117,62.7069,62.0934,62.6193,663899.0,62.5078,1.0
2020-02-13,SZ000001,69.8451,70.3669,69.1389,70.203,426680.0,69.8885,1.0
2020-02-13,SZ000858,80.7645,81.5136,79.2961,80.5542,813999.0,80.5321,1.0
2020-02-14,SH600000,17.7692,17.873,17.5979,17.8649,421931.0,17.7762,1.0
2020-02-14,SH600016,43.2223,43.6216,43.1994,43.5375,1032189.0,43.3952,1.0
2020-02-14,SH600519,62.7311,63.3762,62.4952,63.0158,807629.0,62.9046,1.0
2020-02-14,SZ000001,71.9021,71.9335,71.6593,71.9106,671951.0,71.8514,1.0
2020-02-14,SZ000858,80.876,82.1005,80.7007,81.3248,917318.0,81.2505,1.0
2020-02-17,SH600000,17.52,17.5911,17.4565,17.4778,389234.0,17.5113,1.0
2020-02-17,SH600016,43.5683,44.6015,42.894,44.0526,450578.0,43.7791,1.0
2020-02-17,SH600519,62.9225,63.0309,62.4956,62.8207,788229.0,62.8174,1.0
2020-02-17,SZ000001,70.4623,71.0415,70.0903,70.5238,924775.0,70.5295,1.0
2020-02-17,SZ000858,79.6466,80.0533,79.6159,79.7786,1230899.0,79.7736,1.0
2020-02-18,SH600000,17.7345,17.8583,17.6541,17.7544,326560.0,17.7503,1.0
2020-02-18,SH600016,44.6265,44.7288,44.3138,44.5286,675108.0,44.5494,1.0
2020-02-18,SH600519,61.8617,62.4572,61.5079,62.2285,593497.0,62.0138,1.0
2020-02-18,SZ000001,69.961,70.4212,69.0491,69.8823,353539.0,69.8284,1.0
2020-02-18,SZ000858,79.5969,80.5797,79.1143,79.9087,1117343.0,79.7999,1.0
2020-02-19,SH600000,17.3749,17.3903,17.1654,17.3131,269290.0,17.3109,1.0
2020-02-19,SH600016,45.3669,45.5984,44.9207,45.4811,591128.0,45.3418,1.0
2020-02-19,SH600519,60.624,60.7554,60.0805,60.2661,555664.0,60.4315,1.0
2020-02-19,SZ000001,70.4113,70.8064,70.187,70.5416,693898.0,70.4866,1.0
2020-02-19,SZ000858,81.199,81.8529,80.413,80.6623,1066663.0,81.0318,1.0
2020-02-20,SH600000,17.4137,17.4999,17.3052,17.3726,566341.0,17.3978,1.0
2020-02-20,SH600016,45.9892,46.5109,45.5262,46.2252,798526.0,46.0629,1.0
2020-02-20,SH600519,60.7378,61.297,60.4735,60.8792,680482.0,60.8469,1.0
2020-02-20,SZ000001,71.6192,72.2336,71.4752,71.6663,688400.0,71.7486,1.0
2020-02-20,SZ000858,79.6681,80.8045,78.9366,80.1477,889365.0,79.8892,1.0
2020-02-21,SH600000,16.6863,16.7245,16.578,16.6923,452252.0,16.6703,1.0
2020-02-21,SH600016,46.7958,46.8629,46.4758,46.6307,863245.0,46.6913,1.0
2020-02-21,SH600519,60.2856,60.3248,60.0385,60.225,1050426.0,60.2185,1.0
2020-02-21,SZ000001,71.6119,71.6992,71.1709,71.3174,1222613.0,71.4498,1.0
2020-02-21,SZ000858,80.8171,80.8893,80.1366,80.4576,1100217.0,80.5752,1.0
2020-02-24,SH600000,16.1738,16.2828,16.0101,16.2426,300443.0,16.1773,1.0
2020-02-24,SH600016,46.6011,46.6735,46.3854,46.5443,545578.0,46.5511,1.0
2020-02-24,SH600519,58.9067,58.9184,58.5969,58.8234,455098.0,58.8113,1.0
2020-02-24,SZ000001,70.3268,70.8191,69.6711,70.4808,718193.0,70.3244,1.0
2020-02-24,SZ000858,79.3113,79.5505,78.5207,78.9587,948731.0,79.0853,1.0
2020-02-25,SH600000,16.171,16.3495,16.0855,16.2944,299982.0,16.2251,1.0
2020-02-25,SH600016,44.8764,45.0563,44.4379,45.0033,431048.0,44.8435,1.0
2020-02-25,SH600519,55.4592,55.6005,55.3155,55.5311,424957.0,55.4766,1.0
2020-02-25,SZ000001,71.9428,72.5531,71.5742,72.5254,904282.0,72.1489,1.0
2020-02-25,SZ000858,79.3882,80.2439,77.9144,78.6685,1129563.0,79.0538,1.0
2020-02-26,SH600000,16.4876,16.606,16.4868,16.5245,400018.0,16.5262,1.0
2020-02-26,SH600016,45.0808,45.3907,44.9782,45.3712,620321.0,45.2053,1.0
2020-02-26,SH600519,55.655,55.698,55.2258,55.4923,693446.0,55.5177,1.0
2020-02-26,SZ000001,75.7604,76.3228,74.9164,75.1034,841025.0,75.5257,1.0
2020-02-26,SZ000858,79.5072,80.0079,79.3512,79.6704,848241.0,79.6341,1.0
2020-02-27,SH600000,16.6397,16.664,16.4216,16.5688,729932.0,16.5735,1.0
2020-02-27,SH600016,45.7383,45.7485,45.484,45.5396,440949.0,45.6276,1.0
2020-02-27,SH600519,57.3493,58.1349,57.0898,57.4858,670156.0,57.515,1.0
2020-02-27,SZ000001,77.1287,77.3404,76.3867,76.5996,425419.0,76.8639,1.0
2020-02-27,SZ000858,80.2416,80.3585,79.8544,79.9568,932132.0,80.1028,1.0
2020-02-28,SH600000,16.5358,16.5601,16.5104,16.5181,409267.0,16.5311,1.0
2020-02-28,SH600016,45.9158,46.1163,45.6073,45.767,988571.0,45.8516,1.0
2020-02-28,SH600519,59.6778,59.8743,58.9951,59.419,695233.0,59.4916,1.0
2020-02-28,SZ000001,76.2461,76.7617,76.2262,76.742,1015064.0,76.494,1.0
2020-02-28,SZ000858,79.9619,80.4543,78.8246,79.0599,731617.0,79.5752,1.0
2020-03-02,SH600000,16.3044,16.4565,16.2202,16.4066,281829.0,16.3469,1.0
2020-03-02,SH600016,44.571,44.607,44.2996,44.5931,562958.0,44.5177,1.0
2020-03-02,SH600519,58.4732,58.9022,58.2247,58.8694,710118.0,58.6174,1.0
2020-03-02,SZ000001,75.7832,75.8095,75.2698,75.5227,859941.0,75.5963,1.0
2020-03-02,SZ000858,79.2057,80.0374,78.9513,79.451,974323.0,79.4113,1.0
2020-03-03,SH600000,15.9304,15.9754,15.7712,15.9166,410971.0,15.8984,1.0
2020-03-03,SH600016,44.0224,44.2159,43.4497,43.6196,484273.0,43.8269,1.0
2020-03-03,SH600519,58.1927,58.2485,58.0333,58.1559,617256.0,58.1576,1.0
2020-03-03,SZ000001,74.103,74.668,72.9783,74.2899,938915.0,74.0098,1.0
2020-03-03,SZ000858,80.0121,81.0977,79.7666,80.631,771969.0,80.3768,1.0
2020-03-04,SH600000,15.7076,15.7294,15.6267,15.6774,407658.0,15.6852,1.0
2020-03-04,SH600016,44.2899,44.5497,43.9646,44.5281,571148.0,44.3331,1.0
2020-03-04,SH600519,59.2639,59.6294,58.318,58.6949,1031948.0,58.9766,1.0
2020-03-04,SZ000001,75.1805,76.194,74.9479,75.0816,2617869.0,75.351,1.0
2020-03-04,SZ000858,76.6991,78.1834,75.8085,77.4269,704882.0,77.0295,1.0
2020-03-05,SH600000,15.4533,15.6568,15.3572,15.5219,196995.0,15.4973,1.0
2020-03-05,SH600016,44.1337,44.4939,44.1246,44.4729,360722.0,44.3063,1.0
2020-03-05,SH600519,57.2382,57.9628,57.2291,57.5259,408288.0,57.489,1.0
2020-03-05,SZ000001,75.8352,76.1113,75.6142,75.7238,431389.0,75.8211,1.0
2020-03-05,SZ000858,79.5609,79.6967,78.8905,79.2784,1064056.0,79.3566,1.0
2020-03-06,SH600000,15.8539,15.9878,15.8236,15.8417,435266.0,15.8768,1.0
2020-03-06,SH600016,44.907,45.6032,44.6996,45.0629,403736.0,45.0682,1.0
2020-03-06,SH600519,57.6694,58.1662,57.3642,57.8655,514757.0,57.7663,1.0
2020-03-06,SZ000001,77.7969,77.987,77.2597,77.8882,1352424.0,77.7329,1.0
2020-03-06,SZ000858,78.0407,79.5343,78.0182,78.7825,1049497.0,78.5939,1.0
2020-03-09,SH600000,15.9436,16.0124,15.8553,15.939,412800.0,15.9376,1.0
2020-03-09,SH600016,45.0579,45.3159,44.9947,45.0682,774617.0,45.1092,1.0
2020-03-09,SH600519,58.901,59.2437,58.6926,58.7501,639872.0,58.8969,1.0
2020-03-09,SZ000001,78.6107,79.4882,78.4284,78.9199,739527.0,78.8618,1.0
2020-03-09,SZ000858,79.3435,79.8153,79.2563,79.4915,1245269.0,79.4767,1.0
2020-03-10,SH600000,15.2874,15.3949,15.1605,15.3752,545175.0,15.3045,1.0
2020-03-10,SH600016,45.1295,45.2234,44.6539,45.0747,443712.0,45.0204,1.0
2020-03-10,SH600519,60.2546,60.409,59.9315,60.2005,403142.0,60.1989,1.0
2020-03-10,SZ000001,76.3298,76.8203,76.2362,76.5943,878700.0,76.4951,1.0
2020-03-10,SZ000858,81.6327,81.6998,81.2802,81.4546,865154.0,81.5168,1.0
2020-03-11,SH600000,15.4913,15.5202,15.3777,15.4636,770417.0,15.4632,1.0
2020-03-11,SH600016,45.8525,46.1828,45.7615,45.9079,394718.0,45.9262,1.0
2020-03-11,SH600519,60.1764,60.4097,59.8277,60.0711,626086.0,60.1212,1.0
2020-03-11,SZ000001,77.8761,79.1154,77.0559,78.2345,795198.0,78.0705,1.0
2020-03-11,SZ000858,79.3594,79.6067,78.7244,79.286,1112829.0,79.2441,1.0
2020-03-12,SH600000,15.3765,15.5126,15.1578,15.3335,620307.0,15.3451,1.0
2020-03-12,SH600016,45.496,46.2866,45.1889,45.4161,634756.0,45.5969,1.0
2020-03-12,SH600519,59.9642,60.6029,59.766,59.8179,1086466.0,60.0378,1.0
2020-03-12,SZ000001,76.3809,76.9851,75.66,76.6999,709793.0,76.4314,1.0
2020-03-12,SZ000858,78.3705,78.5308,77.9098,78.2042,1161519.0,78.2538,1.0
2020-03-13,SH600000,15.1978,15.276,14.9891,15.1159,408127.0,15.1447,1.0
2020-03-13,SH600016,45.1984,46.0529,44.6577,45.483,771206.0,45.348,1.0
2020-03-13,SH600519,58.9544,59.3766,58.4884,58.7679,664152.0,58.8968,1.0
2020-03-13,SZ000001,76.099,76.4147,75.8863,76.1245,679458.0,76.1311,1.0
2020-03-13,SZ000858,77.8756,78.0757,77.768,77.7892,1125156.0,77.8771,1.0
2020-03-16,SH600000,15.3711,15.3858,15.2389,15.2905,317439.0,15.3216,1.0
2020-03-16,SH600016,45.3693,45.4073,44.943,45.0441,670438.0,45.1909,1.0
2020-03-16,SH600519,58.116,58.4365,57.6885,57.7953,707300.0,58.0091,1.0
2020-03-16,SZ000001,76.244,77.0641,76.175,76.5179,889890.0,76.5003,1.0
2020-03-16,SZ000858,77.1037,77.1394,76.5902,76.6138,768583.0,76.8618,1.0
2020-03-17,SH600000,15.4899,15.5992,15.4295,15.5974,957430.0,15.529,1.0
2020-03-17,SH600016,44.616,44.9311,44.2873,44.6343,728552.0,44.6172,1.0
2020-03-17,SH600519,57.6434,57.9894,56.8719,57.5255,452232.0,57.5075,1.0
2020-03-17,SZ000001,79.9173,80.2167,79.6103,79.6457,511370.0,79.8475,1.0
2020-03-17,SZ000858,78.9767,79.6373,78.7389,79.3545,1029732.0,79.1768,1.0
2020-03-18,SH600000,15.8043,15.9742,15.7581,15.8787,450343.0,15.8538,1.0
2020-03-18,SH600016,44.5869,44.8651,44.0174,44.3392,430611.0,44.4522,1.0
2020-03-18,SH600519,57.8711,58.1741,57.797,57.941,548582.0,57.9458,1.0
2020-03-18,SZ000001,85.3999,85.4945,84.5398,84.7695,1009710.0,85.0509,1.0
2020-03-18,SZ000858,77.7773,78.119,77.1368,78.0415,1098265.0,77.7686,1.0
2020-03-19,SH600000,15.6429,15.6446,15.5473,15.6027,444266.0,15.6094,1.0
2020-03-19,SH600016,44.5929,44.7568,44.0699,44.5166,352730.0,44.484,1.0
2020-03-19,SH600519,59.199,59.6936,59.0001,59.0006,589742.0,59.2233,1.0
2020-03-19,SZ000001,85.5684,86.1287,85.4683,85.8173,711508.0,85.7457,1.0
2020-03-19,SZ000858,76.9156,77.2503,76.7665,77.2139,986732.0,77.0366,1.0
2020-03-20,SH600000,15.5347,15.5616,15.4146,15.4949,439223.0,15.5014,1.0
2020-03-20,SH600016,44.1732,44.4524,43.9617,44.0725,847800.0,44.165,1.0
2020-03-20,SH600519,58.6031,58.691,57.7671,58.0517,600000.0,58.2782,1.0
2020-03-20,SZ000001,85.6186,86.7517,85.1272,85.5163,574341.0,85.7534,1.0
2020-03-20,SZ000858,77.887,78.8818,77.5367,77.5651,526526.0,77.9676,1.0
2020-03-23,SH600000,15.6263,15.6566,15.5817,15.5862,469501.0,15.6127,1.0
2020-03-23,SH600016,45.3018,45.4714,44.982,45.1731,490508.0,45.2321,1.0
2020-03-23,SH600519,59.7622,59.9055,59.5258,59.8019,969459.0,59.7489,1.0
2020-03-23,SZ000001,86.6643,87.1308,85.8619,86.4483,704326.0,86.5263,1.0
2020-03-23,SZ000858,76.0975,76.3067,75.5291,75.7565,1033175.0,75.9225,1.0
2020-03-24,SH600000,16.1873,16.2676,15.8022,15.8814,423662.0,16.0346,1.0
2020-03-24,SH600016,44.4514,44.9619,44.3373,44.3521,501195.0,44.5257,1.0
2020-03-24,SH600519,59.1798,59.5625,58.8469,59.4696,780201.0,59.2647,1.0
2020-03-24,SZ000001,88.2177,88.8925,87.6811,88.01,1175430.0,88.2003,1.0
2020-03-24,SZ000858,75.3628,75.8058,74.9524,75.1932,1912189.0,75.3286,1.0
2020-03-25,SH600000,15.763,15.8121,15.6926,15.7181,372466.0,15.7464,1.0
2020-03-25,SH600016,44.3087,44.3594,44.0188,44.1668,804888.0,44.2134,1.0
2020-03-25,SH600519,59.7642,59.8124,58.862,59.4352,472864.0,59.4685,1.0
2020-03-25,SZ000001,87.4937,87.8357,87.1301,87.4604,686526.0,87.48,1.0
2020-03-25,SZ000858,76.1541,76.6811,75.1516,75.7062,883802.0,75.9233,1.0
2020-03-26,SH600000,15.737,15.8817,15.6434,15.6481,375473.0,15.7275,1.0
2020-03-26,SH600016,44.0512,44.1086,43.7404,43.7603,638495.0,43.9151,1.0
2020-03-26,SH600519,58.5096,58.8297,58.2418,58.5448,710661.0,58.5315,1.0
2020-03-26,SZ000001,91.008,91.6292,90.2337,90.6713,897651.0,90.8856,1.0
2020-03-26,SZ000858,74.7945,75.9994,74.4011,75.2377,791414.0,75.1082,1.0
2020-03-27,SH600000,15.3671,15.3772,15.2723,15.2942,438088.0,15.3277,1.0
2020-03-27,SH600016,45.0692,45.3045,44.8794,45.025,619561.0,45.0695,1.0
2020-03-27,SH600519,55.1599,56.0312,54.9053,55.7657,766405.0,55.4655,1.0
2020-03-27,SZ000001,91.3228,91.4332,90.6137,91.1031,647396.0,91.1182,1.0
2020-03-27,SZ000858,75.7574,76.5728,74.3593,75.1311,1101303.0,75.4552,1.0
2020-03-30,SH600000,14.97,15.0061,14.8402,14.9214,375860.0,14.9344,1.0
2020-03-30,SH600016,45.3422,45.477,44.9324,45.182,1034574.0,45.2334,1.0
2020-03-30,SH600519,56.9924,57.5903,56.4319,56.7519,929168.0,56.9416,1.0
2020-03-30,SZ000001,91.4589,92.032,91.1123,92.0284,1011937.0,91.6579,1.0
2020-03-30,SZ000858,74.9398,75.5493,73.5935,74.3734,1081342.0,74.614,1.0
2020-03-31,SH600000,15.1306,15.2173,15.0783,15.1545,357234.0,15.1452,1.0
2020-03-31,SH600016,46.0827,46.145,46.0358,46.1033,445496.0,46.0917,1.0
2020-03-31,SH600519,57.4317,58.0365,57.1458,57.5858,1060406.0,57.5499,1.0
2020-03-31,SZ000001,93.6816,94.0182,93.1346,93.2763,990190.0,93.5277,1.0
2020-03-31,SZ000858,72.4524,72.7606,71.9986,72.1869,1408197.0,72.3496,1.0
2020-04-01,SH600000,15.6186,15.6562,15.489,15.5595,456767.0,15.5808,1.0
2020-04-01,SH600016,45.0557,45.1543,44.3541,44.7336,713796.0,44.8244,1.0
2020-04-01,SH600519,57.2282,57.8252,57.1616,57.2541,486733.0,57.3673,1.0
2020-04-01,SZ000001,94.4976,94.8765,93.6171,94.0802,1403645.0,94.2678,1.0
2020-04-01,SZ000858,73.3329,74.1924,72.478,72.6854,675116.0,73.1722,1.0
2020-04-02,SH600000,15.4655,15.5464,15.419,15.5255,409834.0,15.4891,1.0
2020-04-02,SH600016,44.8009,45.6011,44.771,44.9529,549687.0,45.0315,1.0
2020-04-02,SH600519,57.4174,57.7731,57.2313,57.3223,517489.0,57.436,1.0
2020-04-02,SZ000001,95.3212,96.1079,95.302,95.6864,764770.0,95.6044,1.0
2020-04-02,SZ000858,74.6919,75.5534,74.3354,75.3157,1226180.0,74.9741,1.0
2020-04-03,SH600000,15.8096,15.8296,15.7169,15.8284,694674.0,15.7961,1.0
2020-04-03,SH600016,46.1512,46.1671,45.4912,45.7393,585709.0,45.8872,1.0
2020-04-03,SH600519,57.9633,58.3552,57.2119,57.9081,452583.0,57.8596,1.0
2020-04-03,SZ000001,94.5445,94.591,94.2687,94.5266,985197.0,94.4827,1.0
2020-04-03,SZ000858,75.1797,75.4578,74.9883,75.3774,1175409.0,75.2508,1.0
2020-04-06,SH600000,15.8927,15.9407,15.8832,15.9313,199727.0,15.912,1.0
2020-04-06,SH600016,45.7848,45.8493,45.5828,45.794,854730.0,45.7527,1.0
2020-04-06,SH600519,56.3171,56.6857,55.9041,56.118,615256.0,56.2562,1.0
2020-04-06,SZ000001,93.8104,94.0678,93.2013,93.491,830199.0,93.6426,1.0
2020-04-06,SZ000858,75.4733,75.9338,74.8939,75.7518,943504.0,75.5132,1.0
2020-04-07,SH600000,15.7217,15.7947,15.6445,15.7153,613817.0,15.719,1.0
2020-04-07,SH600016,46.4248,47.0541,46.0805,46.7593,629292.0,46.5797,1.0
2020-04-07,SH600519,55.3982,55.6559,54.9862,55.519,759114.0,55.3898,1.0
2020-04-07,SZ000001,91.3744,92.2691,91.2666,91.4701,1189165.0,91.595,1.0
2020-04-07,SZ000858,77.1204,77.181,75.8211,76.8432,1089911.0,76.7414,1.0
2020-04-08,SH600000,16.0005,16.0029,15.659,15.8174,642952.0,15.87,1.0
2020-04-08,SH600016,46.2868,46.5939,45.9543,46.2572,635069.0,46.2731,1.0
2020-04-08,SH600519,56.5443,56.9194,56.3793,56.3996,887532.0,56.5606,1.0
2020-04-08,SZ000001,92.7866,93.1788,92.1775,92.2915,649755.0,92.6086,1.0
2020-04-08,SZ000858,74.5571,74.9855,74.3322,74.9507,1340881.0,74.7064,1.0
2020-04-09,SH600000,16.1472,16.348,16.0945,16.2993,237514.0,16.2223,1.0
2020-04-09,SH600016,47.3963,47.8969,47.223,47.5582,745457.0,47.5186,1.0
2020-04-09,SH600519,54.9227,55.065,54.8313,54.9941,645135.0,54.9533,1.0
2020-04-09,SZ000001,94.8627,95.3118,93.3346,93.7546,1008023.0,94.3159,1.0
2020-04-09,SZ000858,77.8755,78.434,76.421,77.5816,1279135.0,77.578,1.0
2020-04-10,SH600000,16.3313,16.4735,16.2107,16.2754,399190.0,16.3227,1.0
2020-04-10,SH600016,49.9827,50.1742,49.4473,49.7735,484326.0,49.8444,1.0
2020-04-10,SH600519,55.5139,55.6165,54.8581,55.3096,599617.0,55.3245,1.0
2020-04-10,SZ000001,94.2592,94.6787,94.1592,94.6311,760393.0,94.4321,1.0
2020-04-10,SZ000858,78.4653,79.1484,77.4797,77.9313,698782.0,78.2562,1.0
2020-04-13,SH600000,16.6449,16.8768,16.5879,16.7802,395762.0,16.7225,1.0
2020-04-13,SH600016,49.2302,49.7301,49.1367,49.3914,420095.0,49.3721,1.0
2020-04-13,SH600519,53.9867,54.2392,53.3984,53.8211,690746.0,53.8613,1.0
2020-04-13,SZ000001,97.1928,98.6969,96.2897,97.8686,790755.0,97.512,1.0
2020-04-13,SZ000858,80.8329,81.7094,79.7655,80.5529,1259276.0,80.7152,1.0
2020-04-14,SH600000,15.8742,16.1173,15.8015,15.9117,290032.0,15.9262,1.0
2020-04-14,SH600016,48.8221,49.4108,48.4667,48.9312,394967.0,48.9077,1.0
2020-04-14,SH600519,54.0633,54.7444,53.0838,54.3174,513732.0,54.0522,1.0
2020-04-14,SZ000001,98.021,98.262,97.5839,97.8724,828627.0,97.9348,1.0
2020-04-14,SZ000858,79.529,80.3319,79.1391,79.4163,965685.0,79.6041,1.0
2020-04-15,SH600000,16.2513,16.3261,15.9883,16.1633,350338.0,16.1823,1.0
2020-04-15,SH600016,49.876,50.6981,49.8336,50.3517,299567.0,50.1899,1.0
2020-04-15,SH600519,54.5652,55.0221,54.2106,54.2705,1235346.0,54.5171,1.0
2020-04-15,SZ000001,99.563,100.0774,99.0355,99.2051,869499.0,99.4702,1.0
2020-04-15,SZ000858,81.9872,82.9004,81.4097,82.3942,1006372.0,82.1729,1.0
2020-04-16,SH600000,16.1845,16.2692,16.0213,16.1793,317054.0,16.1636,1.0
2020-04-16,SH600016,51.827,52.0388,51.1057,51.9444,1001352.0,51.729,1.0
2020-04-16,SH600519,52.3968,52.7148,51.8307,52.5376,407461.0,52.37,1.0
2020-04-16,SZ000001,96.965,97.8945,96.8159,97.077,778505.0,97.1881,1.0
2020-04-16,SZ000858,83.3647,83.8597,83.2657,83.7192,1006469.0,83.5523,1.0
2020-04-17,SH600000,15.9842,16.0885,15.9796,16.0708,748391.0,16.0308,1.0
2020-04-17,SH600016,50.7582,51.6135,50.6385,51.381,388107.0,51.0978,1.0
2020-04-17,SH600519,53.9849,54.0527,53.368,53.7677,697615.0,53.7933,1.0
2020-04-17,SZ000001,97.0429,97.4492,96.2032,96.3428,859765.0,96.7595,1.0
2020-04-17,SZ000858,85.2175,85.7107,83.6376,84.6884,941215.0,84.8136,1.0
2020-04-20,SH600000,16.0307,16.2996,16.0057,16.0883,585782.0,16.1061,1.0
2020-04-20,SH600016,50.5247,50.9476,50.4665,50.928,505662.0,50.7167,1.0
2020-04-20,SH600519,53.0729,53.6089,52.9089,52.9756,1211151.0,53.1416,1.0
2020-04-20,SZ000001,97.0531,97.9668,97.0171,97.707,1294242.0,97.436,1.0
2020-04-20,SZ000858,85.4557,85.7151,84.1885,85.124,1407763.0,85.1208,1.0
2020-04-21,SH600000,15.5022,15.5774,15.3658,15.4497,647884.0,15.4738,1.0
2020-04-21,SH600016,50.8115,50.9117,50.5252,50.6191,497304.0,50.7169,1.0
2020-04-21,SH600519,52.5952,52.8495,51.9625,52.1162,661351.0,52.3809,1.0
2020-04-21,SZ000001,99.7398,100.0267,99.1095,99.3954,1083422.0,99.5678,1.0
2020-04-21,SZ000858,84.7235,85.1104,84.1891,84.7401,960188.0,84.6908,1.0
2020-04-22,SH600000,15.3143,15.4479,15.2556,15.3704,549356.0,15.347,1.0
2020-04-22,SH600016,49.4474,49.5428,49.2145,49.2539,592569.0,49.3647,1.0
2020-04-22,SH600519,52.2594,52.6207,52.0063,52.3178,623428.0,52.3011,1.0
2020-04-22,SZ000001,98.5282,99.0034,98.0112,98.8275,1046275.0,98.5926,1.0
2020-04-22,SZ000858,86.657,87.9665,85.8784,86.8384,703720.0,86.8351,1.0
2020-04-23,SH600000,15.4857,15.5414,15.3148,15.469,315301.0,15.4527,1.0
2020-04-23,SH600016,48.4383,48.5609,48.2913,48.3355,690189.0,48.4065,1.0
2020-04-23,SH600519,53.4321,54.0445,53.12,53.5256,592891.0,53.5306,1.0
2020-04-23,SZ000001,99.5495,99.8261,98.3161,98.7009,703159.0,99.0982,1.0
2020-04-23,SZ000858,86.2393,87.7441,85.278,87.1217,874967.0,86.5958,1.0
2020-04-24,SH600000,15.9247,16.1277,15.9148,15.9211,377998.0,15.9721,1.0
2020-04-24,SH600016,47.1242,47.8116,46.924,47.3531,699515.0,47.3032,1.0
2020-04-24,SH600519,52.4362,52.8297,52.2863,52.4413,625235.0,52.4984,1.0
2020-04-24,SZ000001,96.7181,96.8326,95.0727,95.764,617372.0,96.0968,1.0
2020-04-24,SZ000858,83.3498,83.9054,83.2981,83.7985,1038833.0,83.5879,1.0
2020-04-27,SH600000,15.6938,15.7948,15.5798,15.7451,512375.0,15.7034,1.0
2020-04-27,SH600016,46.5994,46.7374,46.332,46.6106,453648.0,46.5698,1.0
2020-04-27,SH600519,52.4185,52.6847,52.2596,52.4981,996351.0,52.4652,1.0
2020-04-27,SZ000001,94.7324,95.2745,94.1401,95.0969,1073667.0,94.811,1.0
2020-04-27,SZ000858,82.7673,83.2773,81.3743,81.9838,1423693.0,82.3507,1.0
2020-04-28,SH600000,15.6469,15.7182,15.4204,15.4809,306619.0,15.5666,1.0
2020-04-28,SH600016,46.5565,46.6255,46.3369,46.5573,513941.0,46.519,1.0
2020-04-28,SH600519,53.1541,53.1625,52.6056,52.9424,339912.0,52.9661,1.0
2020-04-28,SZ000001,96.554,97.8076,96.2718,96.82,1048440.0,96.8633,1.0
2020-04-28,SZ000858,81.1932,82.2586,80.1722,81.7164,1179886.0,81.3351,1.0
2020-04-29,SH600000,15.3634,15.3773,15.3105,15.3149,547928.0,15.3415,1.0
2020-04-29,SH600016,46.484,47.0253,46.1128,46.7548,588172.0,46.5942,1.0
2020-04-29,SH600519,53.2396,53.7635,52.358,53.6733,1045525.0,53.2586,1.0
2020-04-29,SZ000001,98.376,99.0085,97.7482,97.955,1253940.0,98.2719,1.0
2020-04-29,SZ000858,82.3395,82.6181,81.4746,82.2616,762867.0,82.1735,1.0
2020-04-30,SH600000,15.4283,15.6181,15.3487,15.5861,411639.0,15.4953,1.0
2020-04-30,SH600016,48.5681,48.9147,47.6746,48.2057,501517.0,48.3408,1.0
2020-04-30,SH600519,53.5712,54.1166,53.4451,53.855,430547.0,53.747,1.0
2020-04-30,SZ000001,98.7641,99.0688,98.3078,98.9556,672533.0,98.7741,1.0
2020-04-30,SZ000858,82.6196,83.0242,81.8707,82.2055,2075177.0,82.43,1.0
2020-05-01,SH600000,15.6918,15.8685,15.641,15.6772,395361.0,15.7196,1.0
2020-05-01,SH600016,47.4387,47.7881,47.0875,47.2315,875196.0,47.3865,1.0
2020-05-01,SH600519,53.1677,53.5891,53.0053,53.4531,609262.0,53.3038,1.0
2020-05-01,SZ000001,99.0465,99.6286,98.2763,99.069,752484.0,99.0051,1.0
2020-05-01,SZ000858,83.7434,84.3117,83.3352,84.2722,1066009.0,83.9156,1.0
2020-05-04,SH600000,15.4491,15.5887,15.3558,15.5003,547593.0,15.4735,1.0
2020-05-04,SH600016,48.0957,48.3214,47.7773,48.1489,626117.0,48.0858,1.0
2020-05-04,SH600519,52.8175,52.9677,52.5597,52.5677,580257.0,52.7281,1.0
2020-05-04,SZ000001,99.1105,99.7245,98.8267,99.0979,492946.0,99.1899,1.0
2020-05-04,SZ000858,81.1584,81.578,81.0597,81.0835,1443552.0,81.2199,1.0
2020-05-05,SH600000,15.7152,15.7696,15.5944,15.6485,505488.0,15.6819,1.0
2020-05-05,SH600016,47.9281,48.1297,47.3026,47.9217,673648.0,47.8205,1.0
2020-05-05,SH600519,53.1008,53.1054,52.0916,52.6505,787459.0,52.7371,1.0
2020-05-05,SZ000001,96.8736,98.046,96.7681,97.8124,716590.0,97.375,1.0
2020-05-05,SZ000858,81.7348,81.803,81.2751,81.3533,940800.0,81.5416,1.0
2020-05-06,SH600000,15.6051,15.7516,15.5269,15.6672,397007.0,15.6377,1.0
2020-05-06,SH600016,47.9026,47.9881,47.7412,47.8527,659254.0,47.8712,1.0
2020-05-06,SH600519,51.4989,51.6947,51.2842,51.5258,408629.0,51.5009,1.0
2020-05-06,SZ000001,99.1971,100.2809,98.843,99.204,1087042.0,99.3813,1.0
2020-05-06,SZ000858,78.4887,79.2314,78.328,78.4838,1155458.0,78.633,1.0
2020-05-07,SH600000,15.9525,16.0088,15.8444,15.9617,626434.0,15.9419,1.0
2020-05-07,SH600016,47.9862,48.8813,47.2684,48.4811,768382.0,48.1543,1.0
2020-05-07,SH600519,48.5532,48.5961,48.434,48.5943,758162.0,48.5444,1.0
2020-05-07,SZ000001,99.7127,100.1887,99.3792,100.0578,700852.0,99.8346,1.0
2020-05-07,SZ000858,80.8646,81.2542,79.0272,79.7213,1266592.0,80.2168,1.0
2020-05-08,SH600000,15.7671,15.892,15.6774,15.7273,319874.0,15.7659,1.0
2020-05-08,SH600016,47.3248,47.426,47.323,47.3833,570522.0,47.3643,1.0
2020-05-08,SH600519,49.0302,49.1586,48.8589,49.0131,1211407.0,49.0152,1.0
2020-05-08,SZ000001,100.8132,101.5764,100.5634,101.0624,976904.0,101.0039,1.0
2020-05-08,SZ000858,78.9425,79.642,78.5259,79.6066,1418994.0,79.1792,1.0
2020-05-11,SH600000,15.6805,15.8528,15.4779,15.6129,532203.0,15.656,1.0
2020-05-11,SH600016,47.5629,47.7616,47.3236,47.7256,366206.0,47.5934,1.0
2020-05-11,SH600519,50.1896,50.2226,49.8541,49.8997,438470.0,50.0415,1.0
2020-05-11,SZ000001,100.7417,101.1358,99.4636,100.0197,761350.0,100.3402,1.0
2020-05-11,SZ000858,80.7388,80.7754,79.7945,80.3136,1352155.0,80.4056,1.0
2020-05-12,SH600000,15.3864,15.5889,15.1583,15.4793,528570.0,15.4032,1.0
2020-05-12,SH600016,47.6235,47.9129,47.6001,47.8632,609203.0,47.75,1.0
2020-05-12,SH600519,47.3686,47.6145,47.1348,47.5892,698655.0,47.4268,1.0
2020-05-12,SZ000001,95.216,96.4444,95.1981,95.818,888435.0,95.6691,1.0
2020-05-12,SZ000858,78.9052,79.9081,78.2535,78.9735,1279090.0,79.0101,1.0
2020-05-13,SH600000,14.9964,15.0638,14.9247,15.0215,403179.0,15.0016,1.0
2020-05-13,SH600016,48.2473,48.3197,48.2187,48.3152,444450.0,48.2752,1.0
2020-05-13,SH600519,46.6864,46.7901,46.3172,46.6308,541125.0,46.6061,1.0
2020-05-13,SZ000001,98.3568,98.8199,97.4598,97.9585,571313.0,98.1487,1.0
2020-05-13,SZ000858,81.3697,82.0464,80.9046,81.0569,895801.0,81.3444,1.0
2020-05-14,SH600000,15.0636,15.2546,15.0114,15.0994,487887.0,15.1073,1.0
2020-05-14,SH600016,49.0102,49.3326,48.3057,48.5736,461121.0,48.8055,1.0
2020-05-14,SH600519,47.435,47.5086,47.2047,47.2048,749953.0,47.3383,1.0
2020-05-14,SZ000001,96.904,97.2551,96.5708,97.0394,827002.0,96.9423,1.0
2020-05-14,SZ000858,82.9833,83.2351,82.4593,82.8006,829415.0,82.8696,1.0
2020-05-15,SH600000,15.1176,15.2903,15.0991,15.1671,303964.0,15.1685,1.0
2020-05-15,SH600016,51.1588,51.6008,50.9066,50.9954,644293.0,51.1654,1.0
2020-05-15,SH600519,49.3036,49.7765,49.1777,49.1804,663805.0,49.3595,1.0
2020-05-15,SZ000001,95.2602,96.1981,94.2394,95.3936,328621.0,95.2728,1.0
2020-05-15,SZ000858,83.5031,84.5592,82.7684,83.8103,1087924.0,83.6602,1.0
2020-05-18,SH600000,15.2911,15.3016,15.1235,15.1573,583738.0,15.2184,1.0
2020-05-18,SH600016,50.1827,50.8079,50.1022,50.3265,783468.0,50.3548,1.0
2020-05-18,SH600519,49.2401,49.4058,49.0967,49.1935,544462.0,49.234,1.0
2020-05-18,SZ000001,97.1227,97.1318,96.5316,96.7404,762175.0,96.8816,1.0
2020-05-18,SZ000858,83.7269,84.868,83.0734,83.6312,1302685.0,83.8249,1.0
2020-05-19,SH600000,15.1055,15.2177,15.0204,15.075,418541.0,15.1047,1.0
2020-05-19,SH600016,49.9149,50.1686,49.6764,49.7724,543824.0,49.8831,1.0
2020-05-19,SH600519,48.7178,48.8041,48.43,48.4751,764030.0,48.6068,1.0
2020-05-19,SZ000001,96.1625,96.6831,95.8258,95.9993,494280.0,96.1677,1.0
2020-05-19,SZ000858,83.8585,84.8501,83.8404,84.6448,920971.0,84.2984,1.0
2020-05-20,SH600000,14.551,14.7834,14.5434,14.6433,378202.0,14.6303,1.0
2020-05-20,SH600016,49.4776,49.7719,48.9369,49.1339,592822.0,49.3301,1.0
2020-05-20,SH600519,47.6382,48.4928,47.4023,48.2909,1134048.0,47.9561,1.0
2020-05-20,SZ000001,98.3506,98.8862,97.9626,98.0708,1157529.0,98.3176,1.0
2020-05-20,SZ000858,83.7459,83.9928,83.2278,83.4941,1355325.0,83.6151,1.0
2020-05-21,SH600000,14.5763,14.6287,14.4962,14.5097,606041.0,14.5527,1.0
2020-05-21,SH600016,48.7937,49.4241,48.2801,48.5692,900463.0,48.7668,1.0
2020-05-21,SH600519,49.798,49.8977,49.3715,49.6298,623266.0,49.6742,1.0
2020-05-21,SZ000001,99.7841,100.6937,97.6988,99.3034,1017869.0,99.37,1.0
2020-05-21,SZ000858,85.0999,85.3908,84.1739,84.9733,1522379.0,84.9095,1.0
2020-05-22,SH600000,14.5526,14.5531,14.2989,14.3998,358146.0,14.4511,1.0
2020-05-22,SH600016,47.9467,48.1305,47.882,47.9324,580837.0,47.9729,1.0
2020-05-22,SH600519,48.8251,49.3301,48.6324,48.9853,819072.0,48.9432,1.0
2020-05-22,SZ000001,100.5186,100.994,100.3077,100.6854,927271.0,100.6264,1.0
2020-05-22,SZ000858,88.1433,88.2467,87.68,87.8628,747959.0,87.9832,1.0
2020-05-25,SH600000,14.2331,14.2371,14.1384,14.16,289949.0,14.1921,1.0
2020-05-25,SH600016,48.9051,49.4533,48.6833,49.0638,1179386.0,49.0264,1.0
2020-05-25,SH600519,47.7602,48.3083,47.6731,48.2014,447762.0,47.9857,1.0
2020-05-25,SZ000001,97.6868,98.5926,97.0983,97.9867,1272256.0,97.8411,1.0
2020-05-25,SZ000858,90.2799,90.3335,88.4515,89.8048,765990.0,89.7174,1.0
2020-05-26,SH600000,13.9966,14.1419,13.9683,14.1038,277343.0,14.0526,1.0
2020-05-26,SH600016,50.6311,51.1299,50.2926,50.455,640275.0,50.6272,1.0
2020-05-26,SH600519,47.8531,47.8839,47.3456,47.7311,495374.0,47.7034,1.0
2020-05-26,SZ000001,99.8611,100.8022,99.8039,100.4059,606418.0,100.2183,1.0
2020-05-26,SZ000858,88.7065,88.9385,87.5661,88.5437,944006.0,88.4387,1.0
2020-05-27,SH600000,14.1732,14.2607,14.1381,14.2076,530621.0,14.1949,1.0
2020-05-27,SH600016,49.958,50.2607,49.5911,49.8599,318625.0,49.9174,1.0
2020-05-27,SH600519,47.1442,47.2708,46.5924,46.8226,760493.0,46.9575,1.0
2020-05-27,SZ000001,100.5304,101.4646,99.459,100.947,1361652.0,100.6002,1.0
2020-05-27,SZ000858,89.2923,90.6489,89.2089,89.2262,1079797.0,89.5941,1.0
2020-05-28,SH600000,14.8361,14.9311,14.6996,14.7427,301303.0,14.8024,1.0
2020-05-28,SH600016,49.234,49.4373,49.0064,49.0147,677390.0,49.1731,1.0
2020-05-28,SH600519,46.8983,47.3729,46.7643,46.9306,1030170.0,46.9915,1.0
2020-05-28,SZ000001,101.697,102.3633,100.1708,100.2192,1066249.0,101.1126,1.0
2020-05-28,SZ000858,86.6041,87.3433,86.2712,86.9873,841238.0,86.8015,1.0
2020-05-29,SH600000,14.7309,14.7958,14.6926,14.7832,748958.0,14.7506,1.0
2020-05-29,SH600016,49.6138,50.2843,49.454,49.4567,605826.0,49.7022,1.0
2020-05-29,SH600519,48.7042,49.0335,48.219,48.4733,734308.0,48.6075,1.0
2020-05-29,SZ000001,101.1477,101.688,100.0197,100.5221,750904.0,100.8444,1.0
2020-05-29,SZ000858,87.7149,88.0951,87.6502,88.0284,1477203.0,87.8721,1.0
2020-06-01,SH600000,14.8813,14.8921,14.8132,14.8484,236907.0,14.8588,1.0
2020-06-01,SH600016,49.1481,49.4376,48.5729,48.8915,795659.0,49.0125,1.0
2020-06-01,SH600519,49.1734,49.5257,48.7034,48.7802,600839.0,49.0457,1.0
2020-06-01,SZ000001,96.3729,97.1284,95.8436,97.0284,1133347.0,96.5933,1.0
2020-06-01,SZ000858,89.3926,89.5119,88.805,88.8653,1118188.0,89.1437,1.0
2020-06-02,SH600000,14.8726,14.9185,14.7777,14.8152,735964.0,14.846,1.0
2020-06-02,SH600016,49.3596,49.5885,49.219,49.492,661294.0,49.4148,1.0
2020-06-02,SH600519,48.8464,48.8883,48.471,48.5273,659863.0,48.6832,1.0
2020-06-02,SZ000001,97.1924,98.1641,96.8719,97.8393,578453.0,97.5169,1.0
2020-06-02,SZ000858,86.257,87.3164,84.9744,85.642,996330.0,86.0474,1.0
2020-06-03,SH600000,14.1807,14.3075,14.156,14.2467,471326.0,14.2227,1.0
2020-06-03,SH600016,49.9981,50.7479,49.6635,49.671,518380.0,50.0201,1.0
2020-06-03,SH600519,48.6333,49.1388,47.9914,48.2377,453558.0,48.5003,1.0
2020-06-03,SZ000001,96.091,96.7687,95.7928,95.86,629478.0,96.1281,1.0
2020-06-03,SZ000858,83.613,84.0516,83.4962,83.7126,640002.0,83.7183,1.0
2020-06-04,SH600000,14.2243,14.3245,14.0471,14.2285,429762.0,14.2061,1.0
2020-06-04,SH600016,48.2137,48.8764,47.9298,48.1661,374262.0,48.2965,1.0
2020-06-04,SH600519,46.9194,47.5475,46.7074,46.7459,791238.0,46.9801,1.0
2020-06-04,SZ000001,93.5708,94.0733,92.9596,93.3154,671603.0,93.4798,1.0
2020-06-04,SZ000858,83.2965,83.498,82.8992,83.2774,663481.0,83.2428,1.0
2020-06-05,SH600000,14.0043,14.366,13.9311,14.235,375692.0,14.1341,1.0
2020-06-05,SH600016,50.1731,50.5914,49.2436,49.6578,507521.0,49.9165,1.0
2020-06-05,SH600519,47.5897,47.7719,47.4603,47.5718,860011.0,47.5984,1.0
2020-06-05,SZ000001,90.7791,91.1044,89.5861,90.5306,687837.0,90.5001,1.0
2020-06-05,SZ000858,82.4405,83.8046,81.3572,82.815,1071214.0,82.6043,1.0
2020-06-08,SH600000,14.8661,15.0571,14.837,14.9426,498690.0,14.9257,1.0
2020-06-08,SH600016,51.2734,51.9586,51.1017,51.4506,418672.0,51.4461,1.0
2020-06-08,SH600519,47.1103,47.6334,47.0811,47.4907,576294.0,47.3288,1.0
2020-06-08,SZ000001,92.4637,93.1085,92.2855,92.5818,587148.0,92.6099,1.0
2020-06-08,SZ000858,81.3464,81.7525,80.2925,80.8722,519292.0,81.0659,1.0
2020-06-09,SH600000,14.8553,14.9037,14.7482,14.8741,437446.0,14.8453,1.0
2020-06-09,SH600016,51.242,51.5564,50.7979,50.8011,453996.0,51.0993,1.0
2020-06-09,SH600519,47.2542,47.8237,47.179,47.3124,573198.0,47.3923,1.0
2020-06-09,SZ000001,91.3802,91.6917,90.3755,91.4376,1163479.0,91.2213,1.0
2020-06-09,SZ000858,81.8118,82.0818,81.0716,81.5405,1334132.0,81.6264,1.0
2020-06-10,SH600000,14.8595,15.02,14.8231,14.9528,615993.0,14.9139,1.0
2020-06-10,SH600016,50.4359,51.1742,49.9894,50.386,644721.0,50.4964,1.0
2020-06-10,SH600519,50.2123,50.5891,50.0367,50.4249,714804.0,50.3158,1.0
2020-06-10,SZ000001,94.4546,95.2294,93.8394,94.3,745898.0,94.4558,1.0
2020-06-10,SZ000858,82.7843,82.8573,81.9631,81.9885,938984.0,82.3983,1.0
2020-06-11,SH600000,15.0531,15.1932,14.7486,14.9312,457837.0,14.9815,1.0
2020-06-11,SH600016,50.4871,51.0728,50.1645,50.6521,891777.0,50.5941,1.0
2020-06-11,SH600519,51.27,51.5124,49.9773,50.7195,578957.0,50.8698,1.0
2020-06-11,SZ000001,93.349,93.824,93.039,93.3089,896050.0,93.3802,1.0
2020-06-11,SZ000858,81.3485,82.1195,81.2367,81.7073,2604960.0,81.603,1.0
2020-06-12,SH600000,14.4711,14.5855,14.3836,14.5753,462819.0,14.5039,1.0
2020-06-12,SH600016,50.8458,51.1416,50.7527,50.9691,608287.0,50.9273,1.0
2020-06-12,SH600519,49.9112,50.1412,49.871,49.9551,647038.0,49.9696,1.0
2020-06-12,SZ000001,89.1892,90.8569,88.9918,90.19,679352.0,89.807,1.0
2020-06-12,SZ000858,80.3656,80.6182,79.8476,80.5178,1967698.0,80.3373,1.0
2020-06-15,SH600000,14.8684,15.0066,14.7015,14.9011,396692.0,14.8694,1.0
2020-06-15,SH600016,51.5389,51.8058,51.3505,51.6216,377466.0,51.5792,1.0
2020-06-15,SH600519,49.554,49.604,49.1008,49.5235,1239126.0,49.4456,1.0
2020-06-15,SZ000001,88.1102,88.5038,87.902,88.2115,466876.0,88.1819,1.0
2020-06-15,SZ000858,82.3566,82.9953,82.1507,82.2614,932445.0,82.441,1.0
2020-06-16,SH600000,15.1255,15.1316,15.0837,15.1156,434920.0,15.1141,1.0
2020-06-16,SH600016,53.829,54.1047,53.6549,53.7151,617467.0,53.8259,1.0
2020-06-16,SH600519,50.8063,50.9502,50.385,50.6666,612860.0,50.702,1.0
2020-06-16,SZ000001,90.0475,90.772,89.006,90.4325,874159.0,90.0645,1.0
2020-06-16,SZ000858,85.3438,85.6163,84.6074,85.0688,953695.0,85.1591,1.0
2020-06-17,SH600000,15.4557,15.6468,15.3434,15.3451,485212.0,15.4478,1.0
2020-06-17,SH600016,53.6412,53.8854,53.4831,53.5013,773739.0,53.6277,1.0
2020-06-17,SH600519,50.7849,51.388,50.4798,50.7739,592732.0,50.8567,1.0
2020-06-17,SZ000001,90.2435,90.6208,90.0136,90.1645,454214.0,90.2606,1.0
2020-06-17,SZ000858,84.1971,84.5951,84.0468,84.288,1327323.0,84.2817,1.0
2020-06-18,SH600000,14.9491,15.2158,14.7988,15.0572,264858.0,15.0053,1.0
2020-06-18,SH600016,52.4792,52.719,52.3124,52.6302,450028.0,52.5352,1.0
2020-06-18,SH600519,49.7448,49.968,48.9609,49.3267,543474.0,49.5001,1.0
2020-06-18,SZ000001,90.5259,90.842,88.7423,89.1946,789701.0,89.8262,1.0
2020-06-18,SZ000858,82.9362,83.3384,82.2833,83.2998,1641222.0,82.9644,1.0
2020-06-19,SH600000,15.5641,15.5873,15.4437,15.4741,295240.0,15.5173,1.0
2020-06-19,SH600016,51.1689,51.2071,51.1472,51.1751,519070.0,51.1746,1.0
2020-06-19,SH600519,50.078,50.5578,50.0514,50.2344,825098.0,50.2304,1.0
2020-06-19,SZ000001,89.6583,89.7984,89.4677,89.4939,534724.0,89.6046,1.0
2020-06-19,SZ000858,84.5309,84.7469,83.998,84.16,602348.0,84.359,1.0
2020-06-22,SH600000,15.0357,15.1234,15.0152,15.035,552926.0,15.0523,1.0
2020-06-22,SH600016,50.9497,50.9689,50.2626,50.4098,542751.0,50.6477,1.0
2020-06-22,SH600519,49.6084,49.6796,49.5015,49.5602,625079.0,49.5874,1.0
2020-06-22,SZ000001,90.2684,90.7024,89.5073,90.4101,1463268.0,90.2221,1.0
2020-06-22,SZ000858,83.8986,84.1091,83.4998,83.5971,576129.0,83.7761,1.0
2020-06-23,SH600000,15.1265,15.2599,15.0512,15.2011,465683.0,15.1597,1.0
2020-06-23,SH600016,50.7886,51.0184,50.3342,50.3537,426996.0,50.6237,1.0
2020-06-23,SH600519,51.2535,52.0847,51.0636,51.4445,543176.0,51.4616,1.0
2020-06-23,SZ000001,92.8934,93.4555,92.4381,92.4672,1059607.0,92.8136,1.0
2020-06-23,SZ000858,83.0198,84.2907,82.3872,83.4019,816996.0,83.2749,1.0
2020-06-24,SH600000,15.9066,16.0372,15.6594,15.8699,418656.0,15.8683,1.0
2020-06-24,SH600016,52.2841,52.3722,51.5519,52.1703,656373.0,52.0946,1.0
2020-06-24,SH600519,52.2131,52.8499,52.1141,52.56,981062.0,52.4343,1.0
2020-06-24,SZ000001,95.4292,96.553,94.2261,95.1994,832115.0,95.3519,1.0
2020-06-24,SZ000858,85.2569,85.8011,84.5372,84.683,1172702.0,85.0695,1.0
2020-06-25,SH600000,15.5624,15.6525,15.525,15.5469,444867.0,15.5717,1.0
2020-06-25,SH600016,51.6196,52.1439,51.3189,51.6098,521110.0,51.6731,1.0
2020-06-25,SH600519,51.9247,52.8748,51.7329,52.084,1010424.0,52.1541,1.0
2020-06-25,SZ000001,94.7297,94.9284,93.8239,94.5311,1177745.0,94.5032,1.0
2020-06-25,SZ000858,82.0239,82.1482,81.1398,81.5468,1142880.0,81.7147,1.0
2020-06-26,SH600000,15.3142,15.4236,15.2434,15.3603,491037.0,15.3354,1.0
2020-06-26,SH600016,51.8491,51.8797,51.7732,51.818,612840.0,51.83,1.0
2020-06-26,SH600519,53.4178,53.5194,53.0319,53.4277,551211.0,53.3492,1.0
2020-06-26,SZ000001,92.3502,93.2172,92.0365,92.0708,625374.0,92.4187,1.0
2020-06-26,SZ000858,83.8194,84.5157,83.4424,83.7632,1357196.0,83.8852,1.0
2020-06-29,SH600000,15.3848,15.4825,15.243,15.3794,376274.0,15.3724,1.0
2020-06-29,SH600016,51.9365,52.2445,51.4018,51.7776,414054.0,51.8401,1.0
2020-06-29,SH600519,53.3774,53.8456,53.3327,53.4922,377014.0,53.512,1.0
2020-06-29,SZ000001,92.2654,92.3181,90.8049,91.3263,948886.0,91.6787,1.0
2020-06-29,SZ000858,83.9562,84.1799,83.5122,83.9228,687001.0,83.8928,1.0
2020-06-30,SH600000,15.1846,15.3745,15.0804,15.2139,350287.0,15.2134,1.0
2020-06-30,SH600016,52.7281,53.3501,52.5383,52.9992,473905.0,52.9039,1.0
2020-06-30,SH600519,54.2158,55.0435,54.0694,54.4042,892922.0,54.4332,1.0
2020-06-30,SZ000001,91.2975,91.9618,91.0968,91.8167,855929.0,91.5432,1.0
2020-06-30,SZ000858,83.5031,84.0549,82.7397,83.2724,491470.0,83.3925,1.0
2020-07-01,SH600000,14.7466,14.8513,14.7083,14.7383,469186.0,14.7612,1.0
2020-07-01,SH600016,55.6497,55.7816,55.1386,55.7214,671127.0,55.5728,1.0
2020-07-01,SH600519,54.5397,55.3312,54.5396,54.926,537461.0,54.8341,1.0
2020-07-01,SZ000001,90.2907,90.6586,89.1565,90.0774,872577.0,90.0458,1.0
2020-07-01,SZ000858,82.803,83.3941,81.7474,83.1613,1273659.0,82.7765,1.0
2020-07-02,SH600000,14.7963,14.9773,14.7107,14.7474,329881.0,14.8079,1.0
2020-07-02,SH600016,54.6484,55.5684,54.2488,55.1082,483183.0,54.8934,1.0
2020-07-02,SH600519,53.9735,54.1569,53.7788,53.9959,836672.0,53.9763,1.0
2020-07-02,SZ000001,87.9733,88.5428,87.4853,88.3827,1180804.0,88.096,1.0
2020-07-02,SZ000858,83.1487,83.8204,82.4722,83.1363,767997.0,83.1444,1.0
2020-07-03,SH600000,14.541,14.5645,14.3718,14.4266,500056.0,14.476,1.0
2020-07-03,SH600016,54.6557,54.9568,54.4769,54.5468,907174.0,54.6591,1.0
2020-07-03,SH600519,52.8964,53.4462,52.4382,53.2974,365481.0,53.0196,1.0
2020-07-03,SZ000001,89.253,89.4295,88.1712,89.0058,1004246.0,88.9649,1.0
2020-07-03,SZ000858,79.4785,80.5949,78.5627,80.3432,537376.0,79.7448,1.0
2020-07-06,SH600000,14.4629,14.6156,14.2659,14.553,265461.0,14.4743,1.0
2020-07-06,SH600016,55.853,56.3793,55.1749,55.6728,479313.0,55.77,1.0
2020-07-06,SH600519,54.6053,54.64,53.6491,54.3985,862663.0,54.3232,1.0
2020-07-06,SZ000001,88.5241,89.3231,88.3786,88.9326,879068.0,88.7896,1.0
2020-07-06,SZ000858,83.1818,83.2307,82.2112,82.8189,1028404.0,82.8606,1.0
2020-07-07,SH600000,14.4294,14.5594,14.2615,14.2771,602442.0,14.3819,1.0
2020-07-07,SH600016,56.2756,56.7468,56.2254,56.4119,578044.0,56.4149,1.0
2020-07-07,SH600519,54.0497,54.9072,53.8489,54.0274,458928.0,54.2083,1.0
2020-07-07,SZ000001,88.8186,89.1832,88.6889,89.0043,490673.0,88.9237,1.0
2020-07-07,SZ000858,82.2772,84.0553,82.242,82.9246,1249124.0,82.8748,1.0
2020-07-08,SH600000,14.5719,14.7221,14.5502,14.7156,509803.0,14.64,1.0
2020-07-08,SH600016,58.9685,59.3013,58.3897,58.508,714814.0,58.7919,1.0
2020-07-08,SH600519,53.1945,54.0682,52.8048,53.585,821781.0,53.4131,1.0
2020-07-08,SZ000001,87.5481,87.8438,87.3906,87.6774,604397.0,87.615,1.0
2020-07-08,SZ000858,84.3295,84.7793,83.0507,83.7003,949208.0,83.9649,1.0
2020-07-09,SH600000,14.465,14.6174,14.4251,14.476,477734.0,14.4959,1.0
2020-07-09,SH600016,58.8061,59.5175,58.5896,59.1687,353094.0,59.0205,1.0
2020-07-09,SH600519,52.4819,52.6432,52.3219,52.5632,662835.0,52.5026,1.0
2020-07-09,SZ000001,87.7133,87.9603,86.2902,87.2874,776994.0,87.3128,1.0
2020-07-09,SZ000858,85.206,85.6406,84.8503,85.3468,858246.0,85.2609,1.0
2020-07-10,SH600000,14.4145,14.5339,14.299,14.3722,594103.0,14.4049,1.0
2020-07-10,SH600016,58.2887,58.7978,58.1829,58.7186,318621.0,58.497,1.0
2020-07-10,SH600519,52.8031,53.1512,52.7563,53.0025,495746.0,52.9283,1.0
2020-07-10,SZ000001,86.0952,86.8884,84.8656,85.7016,829030.0,85.8877,1.0
2020-07-10,SZ000858,83.5705,84.2997,83.1102,83.6591,938644.0,83.6599,1.0
2020-07-13,SH600000,14.6176,14.767,14.5243,14.597,729156.0,14.6265,1.0
2020-07-13,SH600016,59.4563,59.6525,59.2513,59.3896,341910.0,59.4374,1.0
2020-07-13,SH600519,55.3144,55.6748,55.0761,55.2263,584136.0,55.3229,1.0
2020-07-13,SZ000001,86.7108,87.6504,85.5564,87.2542,574318.0,86.793,1.0
2020-07-13,SZ000858,84.2279,85.1462,83.6014,84.4931,881011.0,84.3671,1.0
2020-07-14,SH600000,14.1871,14.2362,14.1142,14.2314,599776.0,14.1922,1.0
2020-07-14,SH600016,61.0117,61.3662,60.6319,60.6939,789200.0,60.9259,1.0
2020-07-14,SH600519,54.4138,54.4458,53.5805,54.0515,810896.0,54.1229,1.0
2020-07-14,SZ000001,89.1175,89.445,89.008,89.093,1661951.0,89.1659,1.0
2020-07-14,SZ000858,83.9587,84.2275,83.7591,84.0798,657096.0,84.0063,1.0
2020-07-15,SH600000,14.2707,14.3185,14.2646,14.2856,254674.0,14.2849,1.0
2020-07-15,SH600016,62.1896,62.2289,61.611,61.6704,457917.0,61.925,1.0
2020-07-15,SH600519,53.5627,54.1696,53.4577,54.0696,681307.0,53.8149,1.0
2020-07-15,SZ000001,85.5716,86.4001,85.4198,85.8762,1270496.0,85.8169,1.0
2020-07-15,SZ000858,86.1612,86.2364,85.0059,85.5544,794601.0,85.7395,1.0
2020-07-16,SH600000,14.6169,14.6559,14.575,14.653,301380.0,14.6252,1.0
2020-07-16,SH600016,62.1283,62.7696,62.1272,62.2712,1164101.0,62.3241,1.0
2020-07-16,SH600519,55.6422,55.7729,55.51,55.6102,786481.0,55.6338,1.0
2020-07-16,SZ000001,83.7767,84.4306,83.0143,84.3072,965726.0,83.8822,1.0
2020-07-16,SZ000858,81.0074,82.33,80.7138,82.0277,1151279.0,81.5197,1.0
2020-07-17,SH600000,14.137,14.3546,14.0963,14.1788,366794.0,14.1917,1.0
2020-07-17,SH600016,63.9283,64.1589,63.4186,63.5853,456218.0,63.7728,1.0
2020-07-17,SH600519,55.4689,55.603,55.2618,55.5134,1194134.0,55.4618,1.0
2020-07-17,SZ000001,81.7447,81.8528,81.0203,81.8335,823741.0,81.6128,1.0
2020-07-17,SZ000858,82.4251,82.4948,80.7701,81.9022,1084363.0,81.8981,1.0
2020-07-20,SH600000,14.2809,14.2886,14.1921,14.2205,445890.0,14.2455,1.0
2020-07-20,SH600016,65.048,65.1854,64.5833,65.0606,571126.0,64.9693,1.0
2020-07-20,SH600519,56.1975,56.3132,55.6268,56.0095,412804.0,56.0368,1.0
2020-07-20,SZ000001,80.664,80.8538,80.0988,80.7886,756409.0,80.6013,1.0
2020-07-20,SZ000858,81.0939,81.8669,80.2385,80.9571,1035524.0,81.0391,1.0
2020-07-21,SH600000,14.3094,14.4214,14.195,14.2839,516741.0,14.3024,1.0
2020-07-21,SH600016,66.7963,67.493,66.4158,66.854,858235.0,66.8898,1.0
2020-07-21,SH600519,54.8822,55.0869,54.4819,54.8238,1072136.0,54.8187,1.0
2020-07-21,SZ000001,81.6448,81.8083,80.5611,80.666,605872.0,81.17,1.0
2020-07-21,SZ000858,81.2037,82.0376,80.5902,81.6968,730479.0,81.3821,1.0
2020-07-22,SH600000,14.4479,14.5564,14.4037,14.4982,355854.0,14.4765,1.0
2020-07-22,SH600016,67.9957,68.1754,67.0935,67.6966,986410.0,67.7403,1.0
2020-07-22,SH600519,55.0792,55.4097,55.0542,55.2871,680993.0,55.2076,1.0
2020-07-22,SZ000001,78.5423,79.2168,77.8566,78.3726,825087.0,78.4971,1.0
2020-07-22,SZ000858,82.0619,83.0704,81.4975,82.5055,932430.0,82.2838,1.0
2020-07-23,SH600000,14.1969,14.2281,14.1104,14.1333,467909.0,14.1672,1.0
2020-07-23,SH600016,67.6603,67.6683,66.4069,67.4403,1002945.0,67.294,1.0
2020-07-23,SH600519,54.9844,55.1969,54.7632,55.0723,504017.0,55.0042,1.0
2020-07-23,SZ000001,76.4223,77.4519,76.1523,76.9524,870938.0,76.7447,1.0
2020-07-23,SZ000858,82.0649,82.1198,80.9074,81.3827,512410.0,81.6187,1.0
2020-07-24,SH600000,13.7757,13.8534,13.6738,13.7546,352704.0,13.7644,1.0
2020-07-24,SH600016,67.0752,67.8322,66.6992,67.6081,776467.0,67.3037,1.0
2020-07-24,SH600519,55.9368,56.1702,55.5771,56.1604,442814.0,55.9611,1.0
2020-07-24,SZ000001,75.221,76.0279,74.8431,75.434,555416.0,75.3815,1.0
2020-07-24,SZ000858,79.8884,80.6555,79.4056,80.2679,1038765.0,80.0544,1.0
2020-07-27,SH600000,13.945,13.988,13.8515,13.8885,368260.0,13.9182,1.0
2020-07-27,SH600016,69.7393,69.833,68.6604,69.2282,734701.0,69.3652,1.0
2020-07-27,SH600519,57.8107,58.2013,56.9653,57.5014,623600.0,57.6197,1.0
2020-07-27,SZ000001,76.1456,76.4298,75.4824,75.7587,891137.0,75.9541,1.0
2020-07-27,SZ000858,79.6644,80.3128,79.5037,80.1265,1511567.0,79.9018,1.0
2020-07-28,SH600000,14.0047,14.0937,13.9292,13.9608,290106.0,13.9971,1.0
2020-07-28,SH600016,68.5454,69.1064,67.9838,68.0756,645486.0,68.4278,1.0
2020-07-28,SH600519,60.5553,60.574,60.2517,60.5488,870215.0,60.4825,1.0
2020-07-28,SZ000001,76.6675,77.2788,75.6298,75.8752,769443.0,76.3628,1.0
2020-07-28,SZ000858,79.1855,79.3821,78.6303,78.7378,632706.0,78.9839,1.0
